Time,PID_ans,Distance_err
0.0,0,0.0
0.02,151,1.087
0.04,1,1.087
0.06,153,2.175
0.08,3,2.175
0.1,3,2.175
0.12,307,4.349
0.14,158,5.436
0.16,312,7.611
0.18,164,8.698
0.2,317,10.873
0.22,169,11.96
0.24,171,13.047
0.26,173,14.134
0.28,175,15.222
0.3,176,16.309
0.32,178,17.396
0.34,28,17.396
0.36,180,18.483
0.38,-120,17.396
0.4,181,18.483
0.42,-272,16.309
0.44,27,16.309
0.46,-123,15.222
0.48,26,15.222
0.5,-125,14.134
0.52,-127,13.047
0.54,-128,11.96
0.56,-130,10.873
0.58,-132,9.785
0.6,-133,8.698
0.62,-135,7.611
0.64,-440,4.349
0.66,-294,2.175
0.68,-145,1.087
0.7,-147,0.0
0.72,2,0.0
0.74,-301,-2.175
0.76,-1,-2.175
0.78,-1,-2.175
0.8,-1,-2.175
0.82,-1,-2.175
0.84,150,-1.087
0.86,0,-1.087
0.88,303,1.087
0.9,155,2.175
0.92,5,2.175
0.94,157,3.262
0.96,159,4.349
0.98,161,5.436
1.0,162,6.524
1.02,164,7.611
1.04,14,7.611
1.06,166,8.698
1.08,16,8.698
1.1,16,8.698
1.12,168,9.785
1.14,-133,8.698
1.16,16,8.698
1.18,-134,7.611
1.2,166,8.698
1.22,-134,7.611
1.24,-136,6.524
1.26,13,6.524
1.28,-138,5.436
1.3,11,5.436
1.32,-139,4.349
1.34,10,4.349
1.36,-141,3.262
1.38,-143,2.175
1.4,6,2.175
1.42,-145,1.087
1.44,-146,0.0
1.46,154,1.087
1.48,-146,0.0
1.501,3,0.0
1.521,-148,-1.087
1.541,153,0.0
1.561,-148,-1.087
1.581,1,-1.087
1.601,153,0.0
1.621,-148,-1.087
1.641,153,0.0
1.661,3,0.0
1.681,154,1.087
1.701,156,2.175
1.721,6,2.175
1.741,6,2.175
1.761,6,2.175
1.781,6,2.175
1.801,6,2.175
1.821,6,2.175
1.841,158,3.262
1.861,-143,2.175
1.881,158,3.262
1.901,8,3.262
1.921,8,3.262
1.941,160,4.349
1.961,-141,3.262
1.981,8,3.262
2.001,8,3.262
2.021,-143,2.175
2.041,7,2.175
2.061,7,2.175
2.081,-144,1.087
2.101,5,1.087
2.121,5,1.087
2.141,-146,0.0
2.161,3,0.0
2.181,3,0.0
2.201,3,0.0
2.221,3,0.0
2.241,-148,-1.087
2.261,153,0.0
2.281,-299,-2.175
2.301,0,-2.175
2.321,0,-2.175
2.341,0,-2.175
2.361,151,-1.087
2.381,1,-1.087
2.401,1,-1.087
2.421,153,0.0
2.441,-148,-1.087
2.461,153,0.0
2.481,155,1.087
2.501,-146,0.0
2.521,3,0.0
2.541,155,1.087
2.561,-146,0.0
2.581,3,0.0
2.601,3,0.0
2.621,155,1.087
2.641,156,2.175
2.661,6,2.175
2.681,7,2.175
2.701,7,2.175
2.721,7,2.175
2.741,7,2.175
2.761,7,2.175
2.781,-144,1.087
2.801,157,2.175
2.821,7,2.175
2.841,7,2.175
2.861,7,2.175
2.881,7,2.175
2.901,310,4.349
2.921,-141,3.262
2.941,8,3.262
2.961,-142,2.175
2.981,7,2.175
3.001,159,3.262
3.021,-142,2.175
3.041,-144,1.087
3.061,-146,0.0
3.081,-147,-1.087
3.101,2,-1.087
3.121,-301,-3.262
3.141,-153,-4.349
3.161,-3,-4.349
3.181,-3,-4.349
3.201,-3,-4.349
3.221,148,-3.262
3.241,-305,-5.436
3.261,146,-4.349
3.281,148,-3.262
3.301,-153,-4.349
3.321,148,-3.262
3.341,-1,-3.262
3.361,-153,-4.349
3.381,-3,-4.349
3.401,148,-3.262
3.421,149,-2.175
3.441,303,0.0
3.461,155,1.087
3.481,5,1.087
3.501,156,2.175
3.521,158,3.262
3.541,8,3.262
3.561,8,3.262
3.581,8,3.262
3.601,8,3.262
3.621,160,4.349
3.641,10,4.349
3.661,-141,3.262
3.681,312,5.436
3.701,12,5.436
3.721,12,5.436
3.741,-139,4.349
3.761,-141,3.262
3.781,9,3.262
3.801,-142,2.175
3.821,-144,1.087
3.841,-146,0.0
3.861,3,0.0
3.881,-147,-1.087
3.901,760,4.349
3.921,-140,3.262
3.941,9,3.262
3.961,-142,2.175
3.981,-144,1.087
4.001,-146,0.0
4.021,-147,-1.087
4.041,-149,-2.175
4.061,-303,-4.349
4.081,-154,-5.436
4.101,-5,-5.436
4.121,-156,-6.524
4.141,-158,-7.611
4.161,143,-6.524
4.181,-158,-7.611
4.201,446,-4.349
4.221,-3,-4.349
4.241,148,-3.262
4.261,-1,-3.262
4.281,-1,-3.262
4.301,149,-2.175
4.321,151,-1.087
4.341,1,-1.087
4.361,608,3.262
4.381,8,3.262
4.401,8,3.262
4.421,160,4.349
4.441,-141,3.262
4.462,8,3.262
4.482,8,3.262
4.502,-142,2.175
4.522,-144,1.087
4.542,157,2.175
4.562,-144,1.087
4.582,-146,0.0
4.602,-148,-1.087
4.622,1,-1.087
4.642,-149,-2.175
4.662,-151,-3.262
4.682,-153,-4.349
4.702,148,-3.262
4.722,-153,-4.349
4.742,-3,-4.349
4.762,-155,-5.436
4.782,-5,-5.436
4.802,-5,-5.436
4.822,146,-4.349
4.842,-155,-5.436
4.862,449,-2.175
4.882,-151,-3.262
4.902,149,-2.175
4.922,0,-2.175
4.942,0,-2.175
4.962,0,-2.175
4.982,151,-1.087
5.002,-150,-2.175
5.022,151,-1.087
5.042,1,-1.087
5.062,-150,-2.175
5.082,151,-1.087
5.102,-150,-2.175
5.122,0,-2.175
5.142,151,-1.087
5.162,304,1.087
5.182,4,1.087
5.202,-146,0.0
5.222,3,0.0
5.242,-148,-1.087
5.262,153,0.0
5.282,-148,-1.087
5.302,1,-1.087
5.322,-302,-3.262
5.342,149,-2.175
5.362,-152,-3.262
5.382,-153,-4.349
5.402,-155,-5.436
5.422,-5,-5.436
5.442,-157,-6.524
5.462,-7,-6.524
5.482,-7,-6.524
5.502,-7,-6.524
5.522,-7,-6.524
5.542,143,-5.436
5.562,-6,-5.436
5.582,145,-4.349
5.602,-4,-4.349
5.622,147,-3.262
5.642,-154,-4.349
5.662,147,-3.262
5.682,-2,-3.262
5.702,149,-2.175
5.722,-152,-3.262
5.742,148,-2.175
5.762,-1,-2.175
5.782,150,-1.087
5.802,0,-1.087
5.822,0,-1.087
5.842,152,0.0
5.862,2,0.0
5.882,2,0.0
5.902,2,0.0
5.922,2,0.0
5.942,2,0.0
5.962,2,0.0
5.982,-149,-1.087
6.002,0,-1.087
6.022,0,-1.087
6.042,-151,-2.175
6.062,-1,-2.175
6.082,-1,-2.175
6.102,-152,-3.262
6.122,-2,-3.262
6.142,-154,-4.349
6.162,147,-3.262
6.182,-2,-3.262
6.202,-3,-3.262
6.222,-154,-4.349
6.242,146,-3.262
6.262,-3,-3.262
6.282,-3,-3.262
6.302,-3,-3.262
6.322,-3,-3.262
6.342,148,-2.175
6.362,-1,-2.175
6.382,-1,-2.175
6.402,-153,-3.262
6.422,-3,-3.262
6.442,148,-2.175
6.462,-1,-2.175
6.482,-1,-2.175
6.502,-1,-2.175
6.522,-1,-2.175
6.542,150,-1.087
6.562,0,-1.087
6.582,151,0.0
6.602,-149,-1.087
6.622,0,-1.087
6.642,151,0.0
6.662,1,0.0
6.682,-149,-1.087
6.702,151,0.0
6.722,1,0.0
6.742,-149,-1.087
6.762,0,-1.087
6.782,0,-1.087
6.802,0,-1.087
6.822,-151,-2.175
6.842,-1,-2.175
6.862,-153,-3.262
6.882,148,-2.175
6.902,-1,-2.175
6.922,-153,-3.262
6.942,148,-2.175
6.962,-1,-2.175
6.982,-1,-2.175
7.002,-1,-2.175
7.022,-153,-3.262
7.042,148,-2.175
7.062,-153,-3.262
7.082,148,-2.175
7.102,-153,-3.262
7.122,-3,-3.262
7.142,-3,-3.262
7.162,-3,-3.262
7.182,148,-2.175
7.202,-1,-2.175
7.222,149,-1.087
7.242,0,-1.087
7.262,0,-1.087
7.282,0,-1.087
7.302,151,0.0
7.322,1,0.0
7.342,1,0.0
7.362,1,0.0
7.382,153,1.087
7.402,3,1.087
7.422,-300,-1.087
7.443,151,0.0
7.463,1,0.0
7.483,-150,-1.087
7.503,151,0.0
7.523,-150,-1.087
7.543,0,-1.087
7.563,-152,-2.175
7.583,-153,-3.262
7.603,147,-2.175
7.623,-2,-2.175
7.643,-153,-3.262
7.663,-3,-3.262
7.683,147,-2.175
7.703,-153,-3.262
7.723,299,-1.087
7.743,151,0.0
7.763,1,0.0
7.783,1,0.0
7.803,1,0.0
7.823,1,0.0
7.843,1,0.0
7.863,1,0.0
7.883,1,0.0
7.903,-150,-1.087
7.923,0,-1.087
7.943,151,0.0
7.963,-150,-1.087
7.983,0,-1.087
8.003,151,0.0
8.023,-150,-1.087
8.043,0,-1.087
8.063,-152,-2.175
8.083,149,-1.087
8.103,151,0.0
8.123,-150,-1.087
8.143,0,-1.087
8.163,0,-1.087
8.183,0,-1.087
8.203,0,-1.087
8.223,-152,-2.175
8.243,-154,-3.262
8.263,147,-2.175
8.283,-2,-2.175
8.303,-154,-3.262
8.323,147,-2.175
8.343,-2,-2.175
8.363,-154,-3.262
8.383,147,-2.175
8.403,-2,-2.175
8.423,-2,-2.175
8.443,149,-1.087
8.463,-152,-2.175
8.483,149,-1.087
8.503,0,-1.087
8.523,151,0.0
8.543,-150,-1.087
8.563,0,-1.087
8.583,151,0.0
8.603,1,0.0
8.623,-302,-2.175
8.643,149,-1.087
8.663,0,-1.087
8.683,0,-1.087
8.703,0,-1.087
8.723,0,-1.087
8.743,0,-1.087
8.763,150,0.0
8.783,-150,-1.087
8.803,0,-1.087
8.823,150,0.0
8.843,152,1.087
8.863,2,1.087
8.883,2,1.087
8.903,2,1.087
8.923,-148,0.0
8.943,152,1.087
8.963,-148,0.0
8.983,1,0.0
9.003,152,1.087
9.023,-148,0.0
9.043,1,0.0
9.063,-150,-1.087
9.083,0,-1.087
9.103,0,-1.087
9.123,-152,-2.175
9.143,-2,-2.175
9.163,-2,-2.175
9.183,-2,-2.175
9.203,-154,-3.262
9.223,147,-2.175
9.243,-2,-2.175
9.263,149,-1.087
9.283,-152,-2.175
9.303,149,-1.087
9.323,0,-1.087
9.343,0,-1.087
9.363,0,-1.087
9.383,150,0.0
9.403,0,0.0
9.423,0,0.0
9.443,0,0.0
9.463,152,1.087
9.483,-149,0.0
9.503,152,1.087
9.523,2,1.087
9.543,154,2.175
9.563,-147,1.087
9.583,154,2.175
9.603,-299,0.0
9.623,0,0.0
9.643,0,0.0
9.663,0,0.0
9.683,0,0.0
9.703,-150,-1.087
9.723,150,0.0
9.743,-150,-1.087
9.763,0,-1.087
9.783,150,0.0
9.803,-150,-1.087
9.823,302,1.087
9.843,-149,0.0
9.863,0,0.0
9.883,152,1.087
9.903,-300,-1.087
9.923,150,0.0
9.943,-150,-1.087
9.963,0,-1.087
9.983,0,-1.087
10.003,0,-1.087
10.023,0,-1.087
10.043,0,-1.087
10.063,0,-1.087
10.083,150,0.0
10.103,-150,-1.087
10.123,0,-1.087
10.143,0,-1.087
10.163,0,-1.087
10.183,150,0.0
10.203,-150,-1.087
10.223,0,-1.087
10.243,150,0.0
10.263,-150,-1.087
10.283,0,-1.087
10.303,-152,-2.175
10.323,-2,-2.175
10.343,148,-1.087
10.363,-152,-2.175
10.383,148,-1.087
10.404,-1,-1.087
10.424,-1,-1.087
10.444,-1,-1.087
10.464,-152,-2.175
10.484,148,-1.087
10.504,-1,-1.087
10.524,-1,-1.087
10.544,-1,-1.087
10.564,150,0.0
10.584,-302,-2.175
10.604,-2,-2.175
10.624,-2,-2.175
10.644,-2,-2.175
10.664,-2,-2.175
10.684,-2,-2.175
10.704,-154,-3.262
10.724,147,-2.175
10.744,-2,-2.175
10.764,-2,-2.175
10.784,-3,-2.175
10.804,-3,-2.175
10.824,-3,-2.175
10.844,-3,-2.175
10.864,-3,-2.175
10.884,-3,-2.175
10.904,148,-1.087
10.924,-1,-1.087
10.944,-1,-1.087
10.964,-1,-1.087
10.984,-1,-1.087
11.004,150,0.0
11.024,0,0.0
11.044,-151,-1.087
11.064,150,0.0
11.084,0,0.0
11.104,-151,-1.087
11.124,-1,-1.087
11.144,150,0.0
11.164,-151,-1.087
11.184,-1,-1.087
11.204,-1,-1.087
11.224,-1,-1.087
11.244,-1,-1.087
11.264,-1,-1.087
11.284,-1,-1.087
11.304,-153,-2.175
11.324,148,-1.087
11.344,-1,-1.087
11.364,-1,-1.087
11.384,-153,-2.175
11.404,-3,-2.175
11.424,148,-1.087
11.444,-1,-1.087
11.464,-153,-2.175
11.484,-3,-2.175
11.504,148,-1.087
11.524,-1,-1.087
11.544,-153,-2.175
11.564,148,-1.087
11.584,-1,-1.087
11.604,-153,-2.175
11.624,148,-1.087
11.644,-153,-2.175
11.664,-3,-2.175
11.684,148,-1.087
11.704,-1,-1.087
11.724,150,0.0
11.744,-151,-1.087
11.764,150,0.0
11.784,151,1.087
11.804,1,1.087
11.824,1,1.087
11.844,-149,0.0
11.864,0,0.0
11.884,0,0.0
11.904,0,0.0
11.924,-151,-1.087
11.944,-1,-1.087
11.964,-1,-1.087
11.984,-1,-1.087
12.004,150,0.0
12.024,-151,-1.087
12.044,-1,-1.087
12.064,-1,-1.087
12.084,-1,-1.087
12.104,-1,-1.087
12.124,-1,-1.087
12.144,-1,-1.087
12.164,-1,-1.087
12.184,150,0.0
12.204,-151,-1.087
12.224,-1,-1.087
12.244,150,0.0
12.264,0,0.0
12.284,-151,-1.087
12.304,150,0.0
12.324,0,0.0
12.344,0,0.0
12.364,-151,-1.087
12.384,150,0.0
12.404,0,0.0
12.424,0,0.0
12.444,0,0.0
12.464,0,0.0
12.484,0,0.0
12.504,0,0.0
12.524,0,0.0
12.544,0,0.0
12.564,-151,-1.087
12.584,150,0.0
12.604,0,0.0
12.624,-151,-1.087
12.644,149,0.0
12.664,0,0.0
12.684,-151,-1.087
12.704,-1,-1.087
12.724,149,0.0
12.744,-151,-1.087
12.764,-1,-1.087
12.784,149,0.0
12.804,0,0.0
12.824,-151,-1.087
12.844,149,0.0
12.864,0,0.0
12.884,-151,-1.087
12.904,149,0.0
12.924,0,0.0
12.944,-151,-1.087
12.964,149,0.0
12.984,0,0.0
13.004,0,0.0
13.024,0,0.0
13.044,0,0.0
13.064,0,0.0
13.084,0,0.0
13.104,0,0.0
13.124,0,0.0
13.144,-151,-1.087
13.164,149,0.0
13.184,0,0.0
13.204,-151,-1.087
13.224,149,0.0
13.244,0,0.0
13.264,-151,-1.087
13.284,149,0.0
13.304,0,0.0
13.324,-151,-1.087
13.344,149,0.0
13.364,0,0.0
13.385,0,0.0
13.405,0,0.0
13.425,0,0.0
13.445,0,0.0
13.465,-151,-1.087
13.485,149,0.0
13.505,0,0.0
13.525,0,0.0
13.545,-151,-1.087
13.565,149,0.0
13.585,0,0.0
13.605,-151,-1.087
13.625,149,0.0
13.645,151,1.087
13.665,-150,0.0
13.685,0,0.0
13.705,0,0.0
13.725,0,0.0
13.745,-151,-1.087
13.765,-1,-1.087
13.785,-1,-1.087
13.805,149,0.0
13.825,-303,-2.175
13.845,-3,-2.175
13.865,148,-1.087
13.885,-1,-1.087
13.905,-1,-1.087
13.925,-1,-1.087
13.945,-1,-1.087
13.965,149,0.0
13.985,0,0.0
14.005,0,0.0
14.025,151,1.087
14.045,-150,0.0
14.065,151,1.087
14.085,1,1.087
14.105,1,1.087
14.125,153,2.175
14.145,-148,1.087
14.165,1,1.087
14.185,153,2.175
14.205,-148,1.087
14.225,1,1.087
14.245,1,1.087
14.265,-150,0.0
14.285,151,1.087
14.305,1,1.087
14.325,-150,0.0
14.345,0,0.0
14.365,-151,-1.087
14.385,149,0.0
14.405,0,0.0
14.425,-151,-1.087
14.445,-1,-1.087
14.465,149,0.0
14.485,-151,-1.087
14.505,-1,-1.087
14.525,149,0.0
14.545,0,0.0
14.565,-151,-1.087
14.585,149,0.0
14.605,151,1.087
14.625,1,1.087
14.645,1,1.087
14.665,1,1.087
14.685,1,1.087
14.705,153,2.175
14.725,-148,1.087
14.745,1,1.087
14.765,1,1.087
14.785,1,1.087
14.805,1,1.087
14.825,1,1.087
14.845,-150,0.0
14.865,0,0.0
14.885,151,1.087
14.905,-150,0.0
14.925,0,0.0
14.945,-151,-1.087
14.965,-153,-2.175
14.985,148,-1.087
15.005,-1,-1.087
15.025,149,0.0
15.045,-151,-1.087
15.065,-1,-1.087
15.085,149,0.0
15.105,0,0.0
15.125,151,1.087
15.145,-150,0.0
15.165,151,1.087
15.185,1,1.087
15.205,1,1.087
15.225,153,2.175
15.245,-148,1.087
15.265,153,2.175
15.285,3,2.175
15.305,3,2.175
15.325,-148,1.087
15.345,153,2.175
15.365,3,2.175
15.385,-148,1.087
15.405,153,2.175
15.425,3,2.175
15.445,-148,1.087
15.465,1,1.087
15.485,1,1.087
15.505,1,1.087
15.525,1,1.087
15.545,1,1.087
15.565,-149,0.0
15.585,151,1.087
15.605,1,1.087
15.625,-149,0.0
15.645,0,0.0
15.665,0,0.0
15.685,0,0.0
15.705,0,0.0
15.725,0,0.0
15.745,-151,-1.087
15.765,150,0.0
15.785,0,0.0
15.805,-151,-1.087
15.825,-1,-1.087
15.845,150,0.0
15.865,0,0.0
15.885,0,0.0
15.905,0,0.0
15.925,0,0.0
15.945,0,0.0
15.965,151,1.087
15.985,-149,0.0
16.005,0,0.0
16.025,0,0.0
16.045,151,1.087
16.065,-149,0.0
16.085,0,0.0
16.105,0,0.0
16.125,303,2.175
16.145,-148,1.087
16.165,-149,0.0
16.185,0,0.0
16.205,151,1.087
16.225,-149,0.0
16.245,0,0.0
16.265,0,0.0
16.285,151,1.087
16.305,-149,0.0
16.325,0,0.0
16.345,-151,-1.087
16.366,-1,-1.087
16.386,-1,-1.087
16.406,-1,-1.087
16.426,-1,-1.087
16.446,-1,-1.087
16.466,-1,-1.087
16.486,-1,-1.087
16.506,-1,-1.087
16.526,150,0.0
16.546,0,0.0
16.566,-151,-1.087
16.586,-1,-1.087
16.606,301,1.087
16.626,1,1.087
16.646,1,1.087
16.666,-149,0.0
16.686,151,1.087
16.706,1,1.087
16.726,1,1.087
16.746,-149,0.0
16.766,0,0.0
16.786,0,0.0
16.806,0,0.0
16.826,-303,-2.175
16.846,-3,-2.175
16.866,-3,-2.175
16.886,-3,-2.175
16.906,-155,-3.262
16.926,-5,-3.262
16.946,-5,-3.262
16.966,-5,-3.262
16.986,146,-2.175
17.006,-3,-2.175
17.026,-3,-2.175
17.046,148,-1.087
17.066,-1,-1.087
17.086,-1,-1.087
17.106,149,0.0
17.126,0,0.0
17.146,0,0.0
17.166,0,0.0
17.186,151,1.087
17.206,-150,0.0
17.226,-151,-1.087
17.246,-1,-1.087
17.266,-1,-1.087
17.286,149,0.0
17.306,0,0.0
17.326,0,0.0
17.346,0,0.0
17.366,0,0.0
17.386,0,0.0
17.406,0,0.0
17.426,-151,-1.087
17.446,149,0.0
17.466,0,0.0
17.486,0,0.0
17.506,0,0.0
17.526,-151,-1.087
17.546,-1,-1.087
17.566,-1,-1.087
17.586,-1,-1.087
17.606,-153,-2.175
17.626,-3,-2.175
17.646,148,-1.087
17.666,-1,-1.087
17.686,-1,-1.087
17.706,-1,-1.087
17.726,-1,-1.087
17.746,-1,-1.087
17.766,-1,-1.087
17.786,149,0.0
17.806,0,0.0
17.826,0,0.0
17.846,0,0.0
17.866,0,0.0
17.886,0,0.0
17.906,151,1.087
17.926,1,1.087
17.946,1,1.087
17.966,1,1.087
17.986,1,1.087
18.006,-150,0.0
18.026,0,0.0
18.046,0,0.0
18.066,151,1.087
18.086,1,1.087
18.106,1,1.087
18.126,-150,0.0
18.146,-151,-1.087
18.166,-1,-1.087
18.186,-1,-1.087
18.206,-1,-1.087
18.226,-153,-2.175
18.246,-3,-2.175
18.266,148,-1.087
18.286,-1,-1.087
18.306,-1,-1.087
18.326,-1,-1.087
18.346,-1,-1.087
18.366,-1,-1.087
18.386,149,0.0
18.406,0,0.0
18.426,0,0.0
18.446,151,1.087
18.466,1,1.087
18.486,1,1.087
18.506,-150,0.0
18.526,151,1.087
18.546,1,1.087
18.566,1,1.087
18.586,1,1.087
18.606,1,1.087
18.626,1,1.087
18.646,1,1.087
18.666,1,1.087
18.686,-150,0.0
18.706,0,0.0
18.726,0,0.0
18.746,151,1.087
18.766,-150,0.0
18.786,0,0.0
18.806,0,0.0
18.826,-151,-1.087
18.846,149,0.0
18.866,0,0.0
18.886,0,0.0
18.906,-151,-1.087
18.926,-1,-1.087
18.946,149,0.0
18.966,0,0.0
18.986,-151,-1.087
19.006,149,0.0
19.026,0,0.0
19.046,0,0.0
19.066,0,0.0
19.086,0,0.0
19.106,0,0.0
19.126,0,0.0
19.146,151,1.087
19.166,1,1.087
19.186,-301,-1.087
19.206,149,0.0
19.226,0,0.0
19.246,0,0.0
19.266,151,1.087
19.286,1,1.087
19.306,1,1.087
19.327,1,1.087
19.347,-150,0.0
19.367,0,0.0
19.387,151,1.087
19.407,-150,0.0
19.427,-151,-1.087
19.447,-1,-1.087
19.467,-1,-1.087
19.487,149,0.0
19.507,-151,-1.087
19.527,-1,-1.087
19.547,-1,-1.087
19.567,149,0.0
19.587,-151,-1.087
19.607,-1,-1.087
19.627,149,0.0
19.647,0,0.0
19.667,0,0.0
19.687,151,1.087
19.707,-150,0.0
19.727,0,0.0
19.747,151,1.087
19.767,153,2.175
19.787,-148,1.087
19.807,-150,0.0
19.827,0,0.0
19.847,151,1.087
19.867,-150,0.0
19.887,-303,-2.175
19.907,-3,-2.175
19.927,-3,-2.175
19.947,148,-1.087
19.967,-153,-2.175
19.987,-3,-2.175
20.007,-3,-2.175
20.027,148,-1.087
20.047,-2,-1.087
20.067,149,0.0
20.087,0,0.0
20.107,-303,-2.175
20.127,147,-1.087
20.147,-2,-1.087
20.167,149,0.0
20.187,0,0.0
20.207,0,0.0
20.227,151,1.087
20.247,1,1.087
20.267,1,1.087
20.287,153,2.175
20.307,3,2.175
20.327,-148,1.087
20.347,1,1.087
20.367,153,2.175
20.387,3,2.175
20.407,3,2.175
20.427,-148,1.087
20.447,1,1.087
20.467,1,1.087
20.487,1,1.087
20.507,-150,0.0
20.527,151,1.087
20.547,1,1.087
20.567,-150,0.0
20.587,0,0.0
20.607,0,0.0
20.627,0,0.0
20.647,-151,-1.087
20.667,149,0.0
20.687,0,0.0
20.707,-151,-1.087
20.727,-1,-1.087
20.747,149,0.0
20.767,0,0.0
20.787,0,0.0
20.807,0,0.0
20.827,0,0.0
20.847,0,0.0
20.867,151,1.087
20.887,1,1.087
20.907,1,1.087
20.927,1,1.087
20.947,1,1.087
20.967,153,2.175
20.987,-148,1.087
21.007,1,1.087
21.027,1,1.087
21.047,153,2.175
21.067,-148,1.087
21.087,1,1.087
21.107,153,2.175
21.127,-148,1.087
21.147,-150,0.0
21.167,0,0.0
21.187,-151,-1.087
21.207,-1,-1.087
21.227,301,1.087
21.247,1,1.087
21.267,1,1.087
21.287,-150,0.0
21.307,0,0.0
21.327,0,0.0
21.347,0,0.0
21.367,-151,-1.087
21.387,-1,-1.087
21.407,-153,-2.175
21.427,148,-1.087
21.447,-1,-1.087
21.467,-1,-1.087
21.487,149,0.0
21.507,0,0.0
21.527,0,0.0
21.547,-303,-2.175
21.567,148,-1.087
21.587,-1,-1.087
21.607,149,0.0
21.627,0,0.0
21.647,151,1.087
21.667,1,1.087
21.687,153,2.175
21.707,3,2.175
21.727,155,3.262
21.747,-146,2.175
21.767,3,2.175
21.787,155,3.262
21.807,5,3.262
21.827,5,3.262
21.847,-146,2.175
21.867,155,3.262
21.887,5,3.262
21.907,-146,2.175
21.927,-148,1.087
21.947,153,2.175
21.967,3,2.175
21.987,-148,1.087
22.007,1,1.087
22.027,-149,0.0
22.047,0,0.0
22.067,0,0.0
22.087,-151,-1.087
22.107,-1,-1.087
22.127,150,0.0
22.147,-151,-1.087
22.167,-1,-1.087
22.187,-1,-1.087
22.207,-1,-1.087
22.227,-153,-2.175
22.247,148,-1.087
22.267,-1,-1.087
22.287,-1,-1.087
22.308,-1,-1.087
22.328,150,0.0
22.348,-151,-1.087
22.368,-1,-1.087
22.388,-1,-1.087
22.408,150,0.0
22.428,0,0.0
22.448,0,0.0
22.468,0,0.0
22.488,151,1.087
22.508,-149,0.0
22.528,0,0.0
22.548,0,0.0
22.568,0,0.0
22.588,0,0.0
22.608,0,0.0
22.628,-151,-1.087
22.648,-1,-1.087
22.668,-1,-1.087
22.688,-1,-1.087
22.708,-1,-1.087
22.728,-1,-1.087
22.748,-153,-2.175
22.768,-3,-2.175
22.788,-3,-2.175
22.808,-3,-2.175
22.828,148,-1.087
22.848,-1,-1.087
22.868,-1,-1.087
22.888,-1,-1.087
22.908,-1,-1.087
22.928,-1,-1.087
22.948,149,0.0
22.968,0,0.0
22.988,0,0.0
23.008,0,0.0
23.028,0,0.0
23.048,0,0.0
23.068,0,0.0
23.088,0,0.0
23.108,0,0.0
23.128,-303,-2.175
23.148,-3,-2.175
23.168,-3,-2.175
23.188,148,-1.087
23.208,-1,-1.087
23.228,-1,-1.087
23.248,-1,-1.087
23.268,-1,-1.087
23.288,149,0.0
23.308,0,0.0
23.328,0,0.0
23.348,0,0.0
23.368,0,0.0
23.388,0,0.0
23.408,0,0.0
23.428,-151,-1.087
23.448,-1,-1.087
23.468,-1,-1.087
23.488,-1,-1.087
23.508,-1,-1.087
23.528,-1,-1.087
23.548,-1,-1.087
23.568,301,1.087
23.588,1,1.087
23.608,1,1.087
23.628,1,1.087
23.648,153,2.175
23.668,-148,1.087
23.688,1,1.087
23.708,1,1.087
23.728,1,1.087
23.748,1,1.087
23.768,1,1.087
23.788,-150,0.0
23.808,0,0.0
23.828,0,0.0
23.848,-151,-1.087
23.868,-1,-1.087
23.888,-153,-2.175
23.908,-3,-2.175
23.928,148,-1.087
23.948,-1,-1.087
23.968,-1,-1.087
23.988,-1,-1.087
24.008,-1,-1.087
24.028,-1,-1.087
24.048,-1,-1.087
24.068,-1,-1.087
24.088,-1,-1.087
24.108,149,0.0
24.128,0,0.0
24.148,0,0.0
24.168,0,0.0
24.188,151,1.087
24.208,-150,0.0
24.228,0,0.0
24.248,0,0.0
24.268,0,0.0
24.288,0,0.0
24.308,0,0.0
24.328,0,0.0
24.348,0,0.0
24.368,151,1.087
24.388,1,1.087
24.408,1,1.087
24.428,1,1.087
24.448,-150,0.0
24.468,0,0.0
24.488,0,0.0
24.508,151,1.087
24.528,1,1.087
24.548,-150,0.0
24.568,0,0.0
24.588,0,0.0
24.608,0,0.0
24.628,-151,-1.087
24.648,-1,-1.087
24.668,149,0.0
24.688,0,0.0
24.708,0,0.0
24.728,-151,-1.087
24.748,-1,-1.087
24.768,149,0.0
24.788,0,0.0
24.808,-151,-1.087
24.828,-1,-1.087
24.848,-1,-1.087
24.868,149,0.0
24.888,0,0.0
24.908,0,0.0
24.928,-151,-1.087
24.948,149,0.0
24.968,0,0.0
24.988,0,0.0
25.008,151,1.087
25.028,1,1.087
25.048,1,1.087
25.068,-150,0.0
25.088,0,0.0
25.108,151,1.087
25.128,1,1.087
25.148,1,1.087
25.168,1,1.087
25.188,-150,0.0
25.208,0,0.0
25.228,0,0.0
25.248,0,0.0
25.269,0,0.0
25.289,0,0.0
25.309,0,0.0
25.329,0,0.0
25.349,0,0.0
25.369,0,0.0
25.389,0,0.0
25.409,-151,-1.087
25.429,-1,-1.087
25.449,-1,-1.087
25.469,149,0.0
25.489,0,0.0
25.509,0,0.0
25.529,0,0.0
25.549,-151,-1.087
25.569,-1,-1.087
25.589,149,0.0
25.609,0,0.0
25.629,-151,-1.087
25.649,-1,-1.087
25.669,149,0.0
25.689,0,0.0
25.709,0,0.0
25.729,-151,-1.087
25.749,-153,-2.175
25.769,147,-1.087
25.789,-2,-1.087
25.809,-2,-1.087
25.829,149,0.0
25.849,0,0.0
25.869,0,0.0
25.889,0,0.0
25.909,151,1.087
25.929,1,1.087
25.949,-302,-1.087
25.969,149,0.0
25.989,0,0.0
26.009,0,0.0
26.029,151,1.087
26.049,1,1.087
26.069,1,1.087
26.089,1,1.087
26.109,1,1.087
26.129,-150,0.0
26.149,0,0.0
26.169,0,0.0
26.189,151,1.087
26.209,1,1.087
26.229,-150,0.0
26.249,-151,-1.087
26.269,-1,-1.087
26.289,149,0.0
26.309,0,0.0
26.329,0,0.0
26.349,0,0.0
26.369,0,0.0
26.389,0,0.0
26.409,0,0.0
26.429,0,0.0
26.449,0,0.0
26.469,151,1.087
26.489,1,1.087
26.509,1,1.087
26.529,-150,0.0
26.549,151,1.087
26.569,1,1.087
26.589,1,1.087
26.609,1,1.087
26.629,1,1.087
26.649,153,2.175
26.669,-148,1.087
26.689,1,1.087
26.709,1,1.087
26.729,1,1.087
26.749,1,1.087
26.769,1,1.087
26.789,1,1.087
26.809,1,1.087
26.829,1,1.087
26.849,-150,0.0
26.869,0,0.0
26.889,0,0.0
26.909,151,1.087
26.929,-150,0.0
26.949,0,0.0
26.969,0,0.0
26.989,0,0.0
27.009,151,1.087
27.029,-150,0.0
27.049,0,0.0
27.069,0,0.0
27.089,0,0.0
27.109,-303,-2.175
27.129,-3,-2.175
27.149,-155,-3.262
27.169,146,-2.175
27.189,-3,-2.175
27.209,148,-1.087
27.229,-1,-1.087
27.249,-1,-1.087
27.269,149,0.0
27.289,151,1.087
27.309,1,1.087
27.329,-150,0.0
27.349,151,1.087
27.369,1,1.087
27.389,1,1.087
27.409,1,1.087
27.429,153,2.175
27.449,3,2.175
27.469,155,3.262
27.489,5,3.262
27.509,5,3.262
27.529,5,3.262
27.549,5,3.262
27.569,5,3.262
27.589,5,3.262
27.609,-146,2.175
27.629,3,2.175
27.649,3,2.175
27.669,-148,1.087
27.689,1,1.087
27.709,1,1.087
27.729,1,1.087
27.749,1,1.087
27.769,-149,0.0
27.789,0,0.0
27.809,0,0.0
27.829,-151,-1.087
27.849,-1,-1.087
27.869,-1,-1.087
27.889,-1,-1.087
27.909,-1,-1.087
27.929,-1,-1.087
27.949,150,0.0
27.969,0,0.0
27.989,-151,-1.087
28.009,-1,-1.087
28.029,150,0.0
28.049,0,0.0
28.069,0,0.0
28.089,151,1.087
28.109,-149,0.0
28.129,0,0.0
28.149,151,1.087
28.169,1,1.087
28.189,1,1.087
28.209,153,2.175
28.229,3,2.175
28.25,3,2.175
28.27,3,2.175
28.29,3,2.175
28.31,155,3.262
28.33,-146,2.175
28.35,3,2.175
28.37,3,2.175
28.39,-148,1.087
28.41,1,1.087
28.43,1,1.087
28.45,-149,0.0
28.47,0,0.0
28.49,152,1.087
28.51,-149,0.0
28.53,0,0.0
28.55,0,0.0
28.57,-151,-1.087
28.59,-1,-1.087
28.61,-1,-1.087
28.63,-305,-3.262
28.65,-5,-3.262
28.67,146,-2.175
28.69,-3,-2.175
28.71,-3,-2.175
28.73,-3,-2.175
28.75,-3,-2.175
28.77,-3,-2.175
28.79,148,-1.087
28.81,-1,-1.087
28.83,-1,-1.087
28.85,-1,-1.087
28.87,150,0.0
28.89,0,0.0
28.91,151,1.087
28.93,1,1.087
28.95,1,1.087
28.97,1,1.087
28.99,153,2.175
29.01,-148,1.087
29.03,1,1.087
29.05,1,1.087
29.07,-149,0.0
29.09,0,0.0
29.11,0,0.0
29.13,-151,-1.087
29.15,-1,-1.087
29.17,-1,-1.087
29.19,-1,-1.087
29.21,-1,-1.087
29.23,-153,-2.175
29.25,-3,-2.175
29.27,-3,-2.175
29.29,-3,-2.175
29.31,-3,-2.175
29.33,-3,-2.175
29.35,-155,-3.262
29.37,-5,-3.262
29.39,146,-2.175
29.41,-3,-2.175
29.43,-3,-2.175
29.45,-3,-2.175
29.47,-3,-2.175
29.49,148,-1.087
29.51,149,0.0
29.53,0,0.0
29.55,0,0.0
29.57,151,1.087
29.59,1,1.087
29.61,1,1.087
29.63,1,1.087
29.65,1,1.087
29.67,1,1.087
29.69,1,1.087
29.71,153,2.175
29.73,3,2.175
29.75,-148,1.087
29.77,1,1.087
29.79,-150,0.0
29.81,0,0.0
29.83,0,0.0
29.85,-151,-1.087
29.87,-153,-2.175
29.89,-3,-2.175
29.91,148,-1.087
29.93,-1,-1.087
29.95,-153,-2.175
29.97,-3,-2.175
29.99,-3,-2.175
30.01,-3,-2.175
30.03,-3,-2.175
30.05,148,-1.087
30.07,-1,-1.087
30.09,-1,-1.087
30.11,149,0.0
30.13,0,0.0
30.15,0,0.0
30.17,0,0.0
30.19,151,1.087
30.21,1,1.087
30.23,-150,0.0
30.25,0,0.0
30.27,151,1.087
30.29,1,1.087
30.31,1,1.087
30.33,1,1.087
30.35,1,1.087
30.37,1,1.087
30.39,1,1.087
30.41,1,1.087
30.43,1,1.087
30.45,1,1.087
30.47,-150,0.0
30.49,0,0.0
30.51,-151,-1.087
30.53,-1,-1.087
30.55,-1,-1.087
30.57,149,0.0
30.59,-151,-1.087
30.61,-1,-1.087
30.63,-1,-1.087
30.65,-1,-1.087
30.67,-1,-1.087
30.69,-1,-1.087
30.71,-1,-1.087
30.73,-1,-1.087
30.75,149,0.0
30.77,0,0.0
30.79,-151,-1.087
30.81,149,0.0
30.83,-151,-1.087
30.85,-1,-1.087
30.87,149,0.0
30.89,0,0.0
30.91,-151,-1.087
30.93,149,0.0
30.95,0,0.0
30.97,151,1.087
30.99,1,1.087
31.01,1,1.087
31.03,153,2.175
31.05,3,2.175
31.07,-148,1.087
31.09,153,2.175
31.11,3,2.175
31.13,3,2.175
31.15,-148,1.087
31.17,153,2.175
31.19,3,2.175
31.211,-148,1.087
31.231,1,1.087
31.251,1,1.087
31.271,-150,0.0
31.291,0,0.0
31.311,151,1.087
31.331,-150,0.0
31.351,0,0.0
31.371,0,0.0
31.391,-303,-2.175
31.411,-3,-2.175
31.431,-3,-2.175
31.451,148,-1.087
31.471,-153,-2.175
31.491,-3,-2.175
31.511,-3,-2.175
31.531,148,-1.087
31.551,-1,-1.087
31.571,-1,-1.087
31.591,149,0.0
31.611,-151,-1.087
31.631,-1,-1.087
31.651,-1,-1.087
31.671,-153,-2.175
31.691,148,-1.087
31.711,-153,-2.175
31.731,148,-1.087
31.751,-1,-1.087
31.771,-1,-1.087
31.791,149,0.0
31.811,0,0.0
31.831,151,1.087
31.851,1,1.087
31.871,153,2.175
31.891,3,2.175
31.911,3,2.175
31.931,155,3.262
31.951,-146,2.175
31.971,3,2.175
31.991,3,2.175
32.011,3,2.175
32.031,-148,1.087
32.051,1,1.087
32.071,153,2.175
32.091,3,2.175
32.111,-148,1.087
32.131,1,1.087
32.151,1,1.087
32.171,-150,0.0
32.191,0,0.0
32.211,-151,-1.087
32.231,-1,-1.087
32.251,-1,-1.087
32.271,-1,-1.087
32.291,-1,-1.087
32.311,-1,-1.087
32.331,-1,-1.087
32.351,-1,-1.087
32.371,-153,-2.175
32.391,148,-1.087
32.411,-1,-1.087
32.431,-153,-2.175
32.451,148,-1.087
32.471,-1,-1.087
32.491,-1,-1.087
32.511,-1,-1.087
32.531,-1,-1.087
32.551,149,0.0
32.571,0,0.0
32.591,0,0.0
32.611,151,1.087
32.631,1,1.087
32.651,153,2.175
32.671,-148,1.087
32.691,1,1.087
32.711,153,2.175
32.731,3,2.175
32.751,3,2.175
32.771,3,2.175
32.791,-148,1.087
32.811,153,2.175
32.831,3,2.175
32.851,-148,1.087
32.871,1,1.087
32.891,1,1.087
32.911,1,1.087
32.931,-149,0.0
32.951,151,1.087
32.971,1,1.087
32.991,-149,0.0
33.011,0,0.0
33.031,0,0.0
33.051,-151,-1.087
33.071,150,0.0
33.091,0,0.0
33.111,-151,-1.087
33.131,-1,-1.087
33.151,150,0.0
33.171,0,0.0
33.191,-151,-1.087
33.211,150,0.0
33.231,0,0.0
33.251,0,0.0
33.271,151,1.087
33.291,-149,0.0
33.311,151,1.087
33.331,1,1.087
33.351,1,1.087
33.371,1,1.087
33.391,-149,0.0
33.411,151,1.087
33.431,1,1.087
33.451,1,1.087
33.471,-149,0.0
33.491,151,1.087
33.511,1,1.087
33.531,153,2.175
33.551,-148,1.087
33.571,1,1.087
33.591,153,2.175
33.611,-148,1.087
33.631,1,1.087
33.651,1,1.087
33.671,1,1.087
33.691,1,1.087
33.711,1,1.087
33.731,-149,0.0
33.751,0,0.0
33.771,151,1.087
33.791,-149,0.0
33.811,0,0.0
33.831,-151,-1.087
33.851,150,0.0
33.871,0,0.0
33.891,0,0.0
33.911,-303,-2.175
33.931,148,-1.087
33.951,-1,-1.087
33.971,-1,-1.087
33.991,-1,-1.087
34.011,-1,-1.087
34.031,150,0.0
34.051,-151,-1.087
34.071,-1,-1.087
34.091,150,0.0
34.111,-151,-1.087
34.131,150,0.0
34.151,0,0.0
34.171,151,1.087
34.192,1,1.087
34.212,1,1.087
34.232,-149,0.0
34.252,0,0.0
34.272,151,1.087
34.292,1,1.087
34.312,1,1.087
34.332,153,2.175
34.352,-148,1.087
34.372,1,1.087
34.392,153,2.175
34.412,3,2.175
34.432,-148,1.087
34.452,1,1.087
34.472,1,1.087
34.492,-149,0.0
34.512,151,1.087
34.532,-149,0.0
34.552,0,0.0
34.572,0,0.0
34.592,-151,-1.087
34.612,-1,-1.087
34.632,-1,-1.087
34.652,-1,-1.087
34.672,-1,-1.087
34.692,-1,-1.087
34.712,-1,-1.087
34.732,-1,-1.087
34.752,-153,-2.175
34.772,-155,-3.262
34.792,-156,-4.349
34.812,144,-3.262
34.832,-5,-3.262
34.852,-5,-3.262
34.872,146,-2.175
34.892,-3,-2.175
34.912,-3,-2.175
34.932,-3,-2.175
34.952,-3,-2.175
34.972,148,-1.087
34.992,-1,-1.087
35.012,-1,-1.087
35.032,149,0.0
35.052,0,0.0
35.072,0,0.0
35.092,0,0.0
35.112,0,0.0
35.132,0,0.0
35.152,0,0.0
35.172,0,0.0
35.192,0,0.0
35.212,0,0.0
35.232,0,0.0
35.252,151,1.087
35.272,-150,0.0
35.292,0,0.0
35.312,0,0.0
35.332,0,0.0
35.352,-151,-1.087
35.372,-1,-1.087
35.392,149,0.0
35.412,0,0.0
35.432,0,0.0
35.452,0,0.0
35.472,0,0.0
35.492,0,0.0
35.512,-151,-1.087
35.532,-1,-1.087
35.552,149,0.0
35.572,0,0.0
35.592,0,0.0
35.612,0,0.0
35.632,0,0.0
35.652,0,0.0
35.672,151,1.087
35.692,1,1.087
35.712,-301,-1.087
35.732,-1,-1.087
35.752,-1,-1.087
35.772,-1,-1.087
35.792,-1,-1.087
35.812,-1,-1.087
35.832,-153,-2.175
35.852,-3,-2.175
35.872,-3,-2.175
35.892,-3,-2.175
35.912,148,-1.087
35.932,-1,-1.087
35.952,-153,-2.175
35.972,148,-1.087
35.992,-1,-1.087
36.012,-1,-1.087
36.032,149,0.0
36.052,0,0.0
36.072,0,0.0
36.092,151,1.087
36.112,1,1.087
36.132,1,1.087
36.152,153,2.175
36.172,3,2.175
36.192,3,2.175
36.212,3,2.175
36.232,-148,1.087
36.252,1,1.087
36.272,153,2.175
36.292,3,2.175
36.312,3,2.175
36.332,-148,1.087
36.352,1,1.087
36.372,-150,0.0
36.392,-151,-1.087
36.412,-1,-1.087
36.432,-1,-1.087
36.452,-1,-1.087
36.472,-153,-2.175
36.492,-3,-2.175
36.512,-3,-2.175
36.532,-3,-2.175
36.552,148,-1.087
36.572,-1,-1.087
36.592,-1,-1.087
36.612,-153,-2.175
36.632,-3,-2.175
36.652,-3,-2.175
36.672,-3,-2.175
36.692,148,-1.087
36.712,-1,-1.087
36.732,-1,-1.087
36.752,149,0.0
36.772,0,0.0
36.792,151,1.087
36.812,1,1.087
36.832,1,1.087
36.852,153,2.175
36.872,3,2.175
36.892,3,2.175
36.912,3,2.175
36.932,155,3.262
36.952,-146,2.175
36.972,3,2.175
36.992,3,2.175
37.012,-148,1.087
37.032,-150,0.0
37.052,0,0.0
37.072,-151,-1.087
37.092,-153,-2.175
37.112,148,-1.087
37.132,-1,-1.087
37.153,-153,-2.175
37.173,-3,-2.175
37.193,-3,-2.175
37.213,148,-1.087
37.233,-1,-1.087
37.253,-153,-2.175
37.273,148,-1.087
37.293,-1,-1.087
37.313,149,0.0
37.333,0,0.0
37.353,0,0.0
37.373,151,1.087
37.393,-150,0.0
37.413,0,0.0
37.433,151,1.087
37.453,1,1.087
37.473,1,1.087
37.493,1,1.087
37.513,1,1.087
37.533,1,1.087
37.553,1,1.087
37.573,-150,0.0
37.593,151,1.087
37.613,1,1.087
37.633,-150,0.0
37.653,0,0.0
37.673,0,0.0
37.693,-151,-1.087
37.713,-1,-1.087
37.733,149,0.0
37.753,0,0.0
37.773,-151,-1.087
37.793,-1,-1.087
37.813,149,0.0
37.833,0,0.0
37.853,-151,-1.087
37.873,-1,-1.087
37.893,-1,-1.087
37.913,149,0.0
37.933,0,0.0
37.953,-303,-2.175
37.973,148,-1.087
37.993,-1,-1.087
38.013,-1,-1.087
38.033,-1,-1.087
38.053,149,0.0
38.073,0,0.0
38.093,151,1.087
38.113,-150,0.0
38.133,0,0.0
38.153,151,1.087
38.173,1,1.087
38.193,1,1.087
38.213,153,2.175
38.233,3,2.175
38.253,-148,1.087
38.273,1,1.087
38.293,153,2.175
38.313,3,2.175
38.333,-148,1.087
38.353,1,1.087
38.373,1,1.087
38.393,1,1.087
38.413,153,2.175
38.433,-148,1.087
38.453,1,1.087
38.473,1,1.087
38.493,-150,0.0
38.513,0,0.0
38.533,0,0.0
38.553,0,0.0
38.573,0,0.0
38.593,0,0.0
38.613,-151,-1.087
38.633,-1,-1.087
38.653,-153,-2.175
38.673,-3,-2.175
38.693,148,-1.087
38.713,-1,-1.087
38.733,-1,-1.087
38.753,-1,-1.087
38.773,-1,-1.087
38.793,-1,-1.087
38.813,149,0.0
38.833,0,0.0
38.853,0,0.0
38.873,151,1.087
38.893,1,1.087
38.913,1,1.087
38.933,153,2.175
38.953,3,2.175
38.973,-148,1.087
38.993,1,1.087
39.013,1,1.087
39.033,153,2.175
39.053,-148,1.087
39.073,-150,0.0
39.093,0,0.0
39.113,0,0.0
39.133,151,1.087
39.153,-301,-1.087
39.173,-1,-1.087
39.193,-1,-1.087
39.213,-1,-1.087
39.233,149,0.0
39.253,0,0.0
39.273,0,0.0
39.293,0,0.0
39.313,0,0.0
39.333,0,0.0
39.353,151,1.087
39.373,1,1.087
39.393,1,1.087
39.413,153,2.175
39.433,3,2.175
39.453,-148,1.087
39.473,153,2.175
39.493,3,2.175
39.513,3,2.175
39.533,-148,1.087
39.553,1,1.087
39.573,153,2.175
39.593,3,2.175
39.613,-148,1.087
39.633,1,1.087
39.653,1,1.087
39.673,-149,0.0
39.693,0,0.0
39.713,151,1.087
39.733,-149,0.0
39.753,0,0.0
39.773,0,0.0
39.793,0,0.0
39.813,-151,-1.087
39.833,-1,-1.087
39.853,-1,-1.087
39.873,-1,-1.087
39.893,-1,-1.087
39.913,-1,-1.087
39.933,-1,-1.087
39.953,-1,-1.087
39.973,150,0.0
39.993,-151,-1.087
40.013,-1,-1.087
40.033,-1,-1.087
40.053,-1,-1.087
40.073,150,0.0
40.093,0,0.0
40.113,151,1.087
40.134,-149,0.0
40.154,0,0.0
40.174,151,1.087
40.194,1,1.087
40.214,153,2.175
40.234,3,2.175
40.254,3,2.175
40.274,-148,1.087
40.294,153,2.175
40.314,3,2.175
40.334,3,2.175
40.354,-148,1.087
40.374,1,1.087
40.394,153,2.175
40.414,3,2.175
40.434,-148,1.087
40.454,1,1.087
40.474,1,1.087
40.494,-149,0.0
40.514,-151,-1.087
40.534,-153,-2.175
40.554,-3,-2.175
40.574,-3,-2.175
40.594,-3,-2.175
40.614,-3,-2.175
40.634,-3,-2.175
40.654,-155,-3.262
40.674,146,-2.175
40.694,-3,-2.175
40.714,-3,-2.175
40.734,148,-1.087
40.754,-1,-1.087
40.774,150,0.0
40.794,0,0.0
40.814,0,0.0
40.834,151,1.087
40.854,1,1.087
40.874,-149,0.0
40.894,0,0.0
40.914,151,1.087
40.934,1,1.087
40.954,-149,0.0
40.974,0,0.0
40.994,0,0.0
41.014,0,0.0
41.034,0,0.0
41.054,0,0.0
41.074,151,1.087
41.094,1,1.087
41.114,-149,0.0
41.134,0,0.0
41.154,0,0.0
41.174,0,0.0
41.194,-151,-1.087
41.214,-1,-1.087
41.234,-153,-2.175
41.254,-3,-2.175
41.274,-3,-2.175
41.294,-3,-2.175
41.314,-3,-2.175
41.334,-3,-2.175
41.354,-3,-2.175
41.374,-3,-2.175
41.394,148,-1.087
41.414,-1,-1.087
41.434,-1,-1.087
41.454,-1,-1.087
41.474,-1,-1.087
41.494,-1,-1.087
41.514,-1,-1.087
41.534,149,0.0
41.554,0,0.0
41.574,0,0.0
41.594,0,0.0
41.614,0,0.0
41.634,0,0.0
41.654,0,0.0
41.674,0,0.0
41.694,151,1.087
41.714,1,1.087
41.734,-150,0.0
41.754,0,0.0
41.774,0,0.0
41.794,0,0.0
41.814,0,0.0
41.834,0,0.0
41.854,0,0.0
41.874,0,0.0
41.894,-151,-1.087
41.914,-1,-1.087
41.934,-1,-1.087
41.954,-1,-1.087
41.974,-153,-2.175
41.994,-3,-2.175
42.014,-3,-2.175
42.034,-3,-2.175
42.054,148,-1.087
42.074,-1,-1.087
42.094,-1,-1.087
42.114,149,0.0
42.134,0,0.0
42.154,0,0.0
42.174,0,0.0
42.194,151,1.087
42.214,1,1.087
42.234,1,1.087
42.254,1,1.087
42.274,153,2.175
42.294,3,2.175
42.314,3,2.175
42.334,3,2.175
42.354,3,2.175
42.374,3,2.175
42.394,-148,1.087
42.414,1,1.087
42.434,1,1.087
42.454,1,1.087
42.474,1,1.087
42.494,1,1.087
42.514,1,1.087
42.534,-150,0.0
42.554,0,0.0
42.574,0,0.0
42.594,-151,-1.087
42.614,-1,-1.087
42.634,-1,-1.087
42.654,-1,-1.087
42.674,-1,-1.087
42.694,-153,-2.175
42.714,148,-1.087
42.734,-1,-1.087
42.754,-1,-1.087
42.774,149,0.0
42.794,0,0.0
42.814,-151,-1.087
42.834,-153,-2.175
42.854,148,-1.087
42.874,-1,-1.087
42.894,149,0.0
42.914,0,0.0
42.934,0,0.0
42.954,151,1.087
42.974,1,1.087
42.994,-150,0.0
43.014,0,0.0
43.034,151,1.087
43.054,1,1.087
43.074,1,1.087
43.095,1,1.087
43.115,1,1.087
43.135,1,1.087
43.155,1,1.087
43.175,-150,0.0
43.195,-151,-1.087
43.215,-1,-1.087
43.235,-1,-1.087
43.255,-1,-1.087
43.275,-1,-1.087
43.295,-1,-1.087
43.315,-1,-1.087
43.335,-1,-1.087
43.355,-1,-1.087
43.375,149,0.0
43.395,0,0.0
43.415,-151,-1.087
43.435,149,0.0
43.455,-151,-1.087
43.475,-1,-1.087
43.495,149,0.0
43.515,0,0.0
43.535,-151,-1.087
43.555,149,0.0
43.575,-151,-1.087
43.595,-1,-1.087
43.615,149,0.0
43.635,0,0.0
43.655,0,0.0
43.675,151,1.087
43.695,1,1.087
43.715,1,1.087
43.735,-150,0.0
43.755,151,1.087
43.775,1,1.087
43.795,1,1.087
43.815,1,1.087
43.835,-150,0.0
43.855,151,1.087
43.875,1,1.087
43.895,1,1.087
43.915,-150,0.0
43.935,0,0.0
43.955,0,0.0
43.975,0,0.0
43.995,0,0.0
44.015,0,0.0
44.035,0,0.0
44.055,0,0.0
44.075,-151,-1.087
44.095,-1,-1.087
44.115,-153,-2.175
44.135,148,-1.087
44.155,-153,-2.175
44.175,-3,-2.175
44.195,-3,-2.175
44.215,148,-1.087
44.235,-1,-1.087
44.255,-1,-1.087
44.275,149,0.0
44.295,0,0.0
44.315,0,0.0
44.335,151,1.087
44.355,1,1.087
44.375,-150,0.0
44.395,151,1.087
44.415,1,1.087
44.435,1,1.087
44.455,153,2.175
44.475,3,2.175
44.495,3,2.175
44.515,-148,1.087
44.535,1,1.087
44.555,153,2.175
44.575,3,2.175
44.595,3,2.175
44.615,-300,0.0
44.635,0,0.0
44.655,0,0.0
44.675,0,0.0
44.695,0,0.0
44.715,0,0.0
44.735,0,0.0
44.755,0,0.0
44.775,0,0.0
44.795,0,0.0
44.815,0,0.0
44.835,0,0.0
44.855,151,1.087
44.875,-150,0.0
44.895,0,0.0
44.915,151,1.087
44.935,1,1.087
44.955,1,1.087
44.975,-150,0.0
44.995,151,1.087
45.015,1,1.087
45.035,1,1.087
45.055,1,1.087
45.075,1,1.087
45.095,1,1.087
45.115,153,2.175
45.135,-148,1.087
45.155,1,1.087
45.175,-150,0.0
45.195,151,1.087
45.215,-149,0.0
45.235,0,0.0
45.255,151,1.087
45.275,1,1.087
45.295,-149,0.0
45.315,151,1.087
45.335,1,1.087
45.355,-149,0.0
45.375,151,1.087
45.395,1,1.087
45.415,-301,-1.087
45.435,150,0.0
45.455,-151,-1.087
45.475,453,2.175
45.495,3,2.175
45.515,3,2.175
45.535,155,3.262
45.555,-146,2.175
45.575,3,2.175
45.595,155,3.262
45.615,-146,2.175
45.635,3,2.175
45.655,-148,1.087
45.675,1,1.087
45.695,153,2.175
45.715,-148,1.087
45.735,1,1.087
45.755,-149,0.0
45.775,0,0.0
45.795,0,0.0
45.815,0,0.0
45.835,0,0.0
45.855,-151,-1.087
45.875,-1,-1.087
45.895,150,0.0
45.915,-151,-1.087
45.935,-1,-1.087
45.955,150,0.0
45.975,0,0.0
45.995,-151,-1.087
46.015,150,0.0
46.035,0,0.0
46.055,0,0.0
46.076,0,0.0
46.096,0,0.0
46.116,0,0.0
46.136,151,1.087
46.156,1,1.087
46.176,-149,0.0
46.196,151,1.087
46.216,-149,0.0
46.236,0,0.0
46.256,0,0.0
46.276,0,0.0
46.296,0,0.0
46.316,151,1.087
46.336,1,1.087
46.356,-149,0.0
46.376,151,1.087
46.396,1,1.087
46.416,1,1.087
46.436,153,2.175
46.456,-147,1.087
46.476,2,1.087
46.496,-149,0.0
46.516,-151,-1.087
46.536,150,0.0
46.556,0,0.0
46.576,-151,-1.087
46.596,-1,-1.087
46.616,-1,-1.087
46.636,-1,-1.087
46.656,-1,-1.087
46.676,-1,-1.087
46.696,-1,-1.087
46.716,-1,-1.087
46.736,-1,-1.087
46.756,-1,-1.087
46.776,-153,-2.175
46.796,148,-1.087
46.816,-1,-1.087
46.836,-1,-1.087
46.856,-1,-1.087
46.876,150,0.0
46.896,0,0.0
46.916,0,0.0
46.936,-151,-1.087
46.956,-1,-1.087
46.976,-1,-1.087
46.996,-1,-1.087
47.016,-1,-1.087
47.036,-1,-1.087
47.056,-1,-1.087
47.076,-1,-1.087
47.096,-153,-2.175
47.116,-155,-3.262
47.136,146,-2.175
47.156,-3,-2.175
47.176,-3,-2.175
47.196,-3,-2.175
47.216,-3,-2.175
47.236,148,-1.087
47.256,-1,-1.087
47.276,-1,-1.087
47.296,-1,-1.087
47.316,149,0.0
47.336,0,0.0
47.356,0,0.0
47.376,0,0.0
47.396,151,1.087
47.416,1,1.087
47.436,1,1.087
47.456,1,1.087
47.476,-150,0.0
47.496,0,0.0
47.516,0,0.0
47.536,0,0.0
47.556,0,0.0
47.576,0,0.0
47.596,0,0.0
47.616,151,1.087
47.636,1,1.087
47.656,-150,0.0
47.676,-151,-1.087
47.696,-1,-1.087
47.716,-1,-1.087
47.736,-153,-2.175
47.756,148,-1.087
47.776,-1,-1.087
47.796,-1,-1.087
47.816,-153,-2.175
47.836,-3,-2.175
47.856,-3,-2.175
47.876,-155,-3.262
47.896,-5,-3.262
47.916,-5,-3.262
47.936,146,-2.175
47.956,148,-1.087
47.976,-1,-1.087
47.996,149,0.0
48.016,0,0.0
48.036,151,1.087
48.056,1,1.087
48.076,1,1.087
48.096,153,2.175
48.116,3,2.175
48.136,3,2.175
48.156,3,2.175
48.176,-148,1.087
48.196,1,1.087
48.216,1,1.087
48.236,-150,0.0
48.256,0,0.0
48.276,151,1.087
48.296,1,1.087
48.316,-150,0.0
48.336,0,0.0
48.356,0,0.0
48.376,0,0.0
48.396,0,0.0
48.416,0,0.0
48.436,-151,-1.087
48.456,-1,-1.087
48.476,-1,-1.087
48.496,149,0.0
48.516,0,0.0
48.536,0,0.0
48.556,0,0.0
48.576,0,0.0
48.596,151,1.087
48.616,-150,0.0
48.636,0,0.0
48.656,0,0.0
48.676,0,0.0
48.696,151,1.087
48.716,1,1.087
48.736,1,1.087
48.756,-150,0.0
48.776,0,0.0
48.796,0,0.0
48.816,0,0.0
48.836,0,0.0
48.856,0,0.0
48.876,0,0.0
48.896,0,0.0
48.916,0,0.0
48.936,0,0.0
48.956,-151,-1.087
48.976,149,0.0
48.996,0,0.0
49.016,0,0.0
49.036,0,0.0
49.057,0,0.0
49.077,0,0.0
49.097,0,0.0
49.117,0,0.0
49.137,0,0.0
49.157,0,0.0
49.177,0,0.0
49.197,0,0.0
49.217,-303,-2.175
49.237,148,-1.087
49.257,-1,-1.087
49.277,-1,-1.087
49.297,-1,-1.087
49.317,-1,-1.087
49.337,-1,-1.087
49.357,149,0.0
49.377,0,0.0
49.397,-151,-1.087
49.417,149,0.0
49.437,0,0.0
49.457,0,0.0
49.477,151,1.087
49.497,-150,0.0
49.517,0,0.0
49.537,151,1.087
49.557,1,1.087
49.577,1,1.087
49.597,-150,0.0
49.617,151,1.087
49.637,1,1.087
49.657,1,1.087
49.677,-150,0.0
49.697,0,0.0
49.717,151,1.087
49.737,1,1.087
49.757,-150,0.0
49.777,0,0.0
49.797,0,0.0
49.817,151,1.087
49.837,-150,0.0
49.857,0,0.0
49.877,0,0.0
49.897,0,0.0
49.917,151,1.087
49.937,-150,0.0
49.957,0,0.0
49.977,0,0.0
49.997,-151,-1.087
50.017,149,0.0
50.037,0,0.0
50.057,0,0.0
50.077,-151,-1.087
50.097,149,0.0
50.117,0,0.0
50.137,0,0.0
50.157,-151,-1.087
50.177,149,0.0
50.197,0,0.0
50.217,0,0.0
50.237,0,0.0
50.257,-151,-1.087
50.277,149,0.0
50.297,0,0.0
50.317,0,0.0
50.337,151,1.087
50.357,-150,0.0
50.377,0,0.0
50.397,151,1.087
50.417,1,1.087
50.437,-150,0.0
50.457,151,1.087
50.477,1,1.087
50.497,1,1.087
50.517,153,2.175
50.537,3,2.175
50.557,3,2.175
50.577,3,2.175
50.597,3,2.175
50.617,3,2.175
50.637,3,2.175
50.657,-148,1.087
50.677,1,1.087
50.697,-149,0.0
50.717,0,0.0
50.737,151,1.087
50.757,-149,0.0
50.777,0,0.0
50.797,-151,-1.087
50.817,-1,-1.087
50.837,-1,-1.087
50.857,-1,-1.087
50.877,-1,-1.087
50.897,-1,-1.087
50.917,150,0.0
50.937,-151,-1.087
50.957,-1,-1.087
50.977,150,0.0
50.997,0,0.0
51.017,-151,-1.087
51.037,150,0.0
51.057,0,0.0
51.077,0,0.0
51.097,151,1.087
51.117,1,1.087
51.137,1,1.087
51.157,1,1.087
51.177,1,1.087
51.197,153,2.175
51.217,3,2.175
51.237,3,2.175
51.257,3,2.175
51.277,3,2.175
51.297,3,2.175
51.317,-148,1.087
51.337,153,2.175
51.357,3,2.175
51.377,3,2.175
51.397,-148,1.087
51.417,153,2.175
51.437,3,2.175
51.457,-148,1.087
51.477,1,1.087
51.497,-301,-1.087
51.517,150,0.0
51.537,-151,-1.087
51.557,-153,-2.175
51.577,-3,-2.175
51.597,148,-1.087
51.617,-1,-1.087
51.637,-1,-1.087
51.657,-1,-1.087
51.677,-1,-1.087
51.697,150,0.0
51.717,0,0.0
51.737,0,0.0
51.757,0,0.0
51.777,0,0.0
51.797,0,0.0
51.817,0,0.0
51.837,151,1.087
51.857,-149,0.0
51.877,151,1.087
51.897,1,1.087
51.917,1,1.087
51.937,1,1.087
51.957,1,1.087
51.977,1,1.087
51.997,153,2.175
52.018,-148,1.087
52.038,1,1.087
52.058,153,2.175
52.078,3,2.175
52.098,-147,1.087
52.118,2,1.087
52.138,153,2.175
52.158,-147,1.087
52.178,2,1.087
52.198,2,1.087
52.218,-149,0.0
52.238,152,1.087
52.258,2,1.087
52.278,-149,0.0
52.298,0,0.0
52.318,-151,-1.087
52.338,-1,-1.087
52.358,-1,-1.087
52.378,-1,-1.087
52.398,-1,-1.087
52.418,-1,-1.087
52.438,-1,-1.087
52.458,-1,-1.087
52.478,150,0.0
52.498,0,0.0
52.518,-151,-1.087
52.538,150,0.0
52.558,0,0.0
52.578,0,0.0
52.598,152,1.087
52.618,2,1.087
52.638,-149,0.0
52.658,0,0.0
52.678,152,1.087
52.698,2,1.087
52.718,2,1.087
52.738,-149,0.0
52.758,0,0.0
52.778,0,0.0
52.798,152,1.087
52.818,-149,0.0
52.838,0,0.0
52.858,0,0.0
52.878,0,0.0
52.898,-151,-1.087
52.918,-1,-1.087
52.938,-1,-1.087
52.958,-1,-1.087
52.978,-1,-1.087
52.998,-1,-1.087
53.018,-153,-2.175
53.038,-3,-2.175
53.058,-3,-2.175
53.078,-3,-2.175
53.098,-3,-2.175
53.118,148,-1.087
53.138,-1,-1.087
53.158,-1,-1.087
53.178,-1,-1.087
53.198,-1,-1.087
53.218,-1,-1.087
53.238,150,0.0
53.258,0,0.0
53.278,0,0.0
53.298,0,0.0
53.318,0,0.0
53.338,0,0.0
53.358,-151,-1.087
53.378,-1,-1.087
53.398,150,0.0
53.418,0,0.0
53.438,0,0.0
53.458,0,0.0
53.478,0,0.0
53.498,0,0.0
53.518,0,0.0
53.538,0,0.0
53.558,0,0.0
53.578,-151,-1.087
53.598,-153,-2.175
53.618,-3,-2.175
53.638,-3,-2.175
53.658,-3,-2.175
53.678,148,-1.087
53.698,-1,-1.087
53.718,-1,-1.087
53.738,-1,-1.087
53.758,-1,-1.087
53.778,-1,-1.087
53.798,-1,-1.087
53.818,150,0.0
53.838,0,0.0
53.858,0,0.0
53.878,0,0.0
53.898,0,0.0
53.918,0,0.0
53.938,-151,-1.087
53.958,-1,-1.087
53.978,-1,-1.087
53.998,-1,-1.087
54.018,-1,-1.087
54.038,149,0.0
54.058,-151,-1.087
54.078,-1,-1.087
54.098,-1,-1.087
54.118,-1,-1.087
54.138,-1,-1.087
54.158,149,0.0
54.178,0,0.0
54.198,0,0.0
54.218,0,0.0
54.238,0,0.0
54.258,151,1.087
54.278,1,1.087
54.298,1,1.087
54.318,1,1.087
54.338,1,1.087
54.358,1,1.087
54.378,1,1.087
54.398,1,1.087
54.418,-150,0.0
54.438,0,0.0
54.458,0,0.0
54.478,0,0.0
54.498,0,0.0
54.518,0,0.0
54.538,0,0.0
54.558,0,0.0
54.578,0,0.0
54.598,0,0.0
54.618,0,0.0
54.638,0,0.0
54.658,0,0.0
54.678,0,0.0
54.698,0,0.0
54.718,0,0.0
54.738,0,0.0
54.758,0,0.0
54.778,0,0.0
54.798,0,0.0
54.818,0,0.0
54.838,0,0.0
54.858,0,0.0
54.878,0,0.0
54.898,0,0.0
54.918,0,0.0
54.938,0,0.0
54.958,0,0.0
54.978,-151,-1.087
54.999,-1,-1.087
55.019,-1,-1.087
55.039,-1,-1.087
55.059,149,0.0
55.079,-151,-1.087
55.099,-1,-1.087
55.119,-1,-1.087
55.139,149,0.0
55.159,-151,-1.087
55.179,-153,-2.175
55.199,148,-1.087
55.219,-1,-1.087
55.239,-1,-1.087
55.259,149,0.0
55.279,0,0.0
55.299,0,0.0
55.319,151,1.087
55.339,1,1.087
55.359,1,1.087
55.379,153,2.175
55.399,3,2.175
55.419,3,2.175
55.439,3,2.175
55.459,-148,1.087
55.479,1,1.087
55.499,153,2.175
55.519,3,2.175
55.539,-148,1.087
55.559,1,1.087
55.579,1,1.087
55.599,-149,0.0
55.619,0,0.0
55.639,0,0.0
55.659,0,0.0
55.679,-303,-2.175
55.699,-3,-2.175
55.719,-3,-2.175
55.739,-3,-2.175
55.759,-3,-2.175
55.779,-3,-2.175
55.799,-3,-2.175
55.819,-3,-2.175
55.839,148,-1.087
55.859,-1,-1.087
55.879,-1,-1.087
55.899,149,0.0
55.919,-151,-1.087
55.939,-1,-1.087
55.959,149,0.0
55.979,0,0.0
55.999,151,1.087
56.019,1,1.087
56.039,1,1.087
56.059,1,1.087
56.079,153,2.175
56.099,3,2.175
56.119,-148,1.087
56.139,1,1.087
56.159,1,1.087
56.179,1,1.087
56.199,1,1.087
56.219,1,1.087
56.239,1,1.087
56.259,1,1.087
56.279,-149,0.0
56.299,0,0.0
56.319,0,0.0
56.339,0,0.0
56.359,-151,-1.087
56.379,-1,-1.087
56.399,150,0.0
56.419,0,0.0
56.439,-151,-1.087
56.459,-153,-2.175
56.479,-3,-2.175
56.499,148,-1.087
56.519,-1,-1.087
56.539,-153,-2.175
56.559,-3,-2.175
56.579,-3,-2.175
56.599,-3,-2.175
56.619,148,-1.087
56.639,-1,-1.087
56.659,-1,-1.087
56.679,149,0.0
56.699,0,0.0
56.719,151,1.087
56.739,1,1.087
56.759,1,1.087
56.779,1,1.087
56.799,1,1.087
56.819,1,1.087
56.839,1,1.087
56.859,1,1.087
56.879,1,1.087
56.899,1,1.087
56.919,1,1.087
56.939,1,1.087
56.959,153,2.175
56.979,3,2.175
56.999,-148,1.087
57.019,1,1.087
57.039,153,2.175
57.059,-148,1.087
57.079,1,1.087
57.099,-149,0.0
57.119,-151,-1.087
57.139,150,0.0
57.159,0,0.0
57.179,-151,-1.087
57.199,-1,-1.087
57.219,150,0.0
57.239,0,0.0
57.259,-151,-1.087
57.279,150,0.0
57.299,0,0.0
57.319,0,0.0
57.339,0,0.0
57.359,0,0.0
57.379,151,1.087
57.399,1,1.087
57.419,-149,0.0
57.439,151,1.087
57.459,1,1.087
57.479,153,2.175
57.499,-148,1.087
57.519,1,1.087
57.539,153,2.175
57.559,3,2.175
57.579,-148,1.087
57.599,153,2.175
57.619,3,2.175
57.639,-148,1.087
57.659,153,2.175
57.679,3,2.175
57.699,-148,1.087
57.719,1,1.087
57.739,1,1.087
57.759,1,1.087
57.779,1,1.087
57.799,-149,0.0
57.819,151,1.087
57.839,1,1.087
57.859,-149,0.0
57.879,0,0.0
57.899,0,0.0
57.919,0,0.0
57.939,0,0.0
57.96,-151,-1.087
57.98,150,0.0
58.0,0,0.0
58.02,-151,-1.087
58.04,150,0.0
58.06,0,0.0
58.08,151,1.087
58.1,-149,0.0
58.12,0,0.0
58.14,151,1.087
58.16,-149,0.0
58.18,0,0.0
58.2,151,1.087
58.22,1,1.087
58.24,-149,0.0
58.26,0,0.0
58.28,151,1.087
58.3,1,1.087
58.32,-149,0.0
58.34,151,1.087
58.36,1,1.087
58.38,2,1.087
58.4,-149,0.0
58.42,0,0.0
58.44,152,1.087
58.46,2,1.087
58.48,-149,0.0
58.5,0,0.0
58.52,0,0.0
58.54,0,0.0
58.56,152,1.087
58.58,-149,0.0
58.6,0,0.0
58.62,0,0.0
58.64,0,0.0
58.66,-151,-1.087
58.68,-1,-1.087
58.7,150,0.0
58.72,0,0.0
58.74,0,0.0
58.76,-151,-1.087
58.78,-1,-1.087
58.8,-1,-1.087
58.82,-1,-1.087
58.84,150,0.0
58.86,0,0.0
58.88,0,0.0
58.9,-151,-1.087
58.92,-1,-1.087
58.94,-1,-1.087
58.96,-1,-1.087
58.98,-1,-1.087
59.0,150,0.0
59.02,0,0.0
59.04,0,0.0
59.06,-151,-1.087
59.08,-1,-1.087
59.1,-1,-1.087
59.12,-1,-1.087
59.14,-1,-1.087
59.16,-1,-1.087
59.18,-1,-1.087
59.2,150,0.0
59.22,0,0.0
59.24,0,0.0
59.26,0,0.0
59.28,0,0.0
59.3,-151,-1.087
59.32,-305,-3.262
59.34,-5,-3.262
59.36,-5,-3.262
59.38,-5,-3.262
59.4,146,-2.175
59.42,-3,-2.175
59.44,-3,-2.175
